VideoID,Video,ClassID
0,Wave/Wave_10_1.mp4,10
1,Wave/Wave_10_10.mp4,10
2,Wave/Wave_10_11.mp4,10
3,Wave/Wave_10_12.mp4,10
4,Wave/Wave_10_13.mp4,10
5,Wave/Wave_10_14.mp4,10
6,Wave/Wave_10_15.mp4,10
7,Wave/Wave_10_16.mp4,10
8,Wave/Wave_10_17.mp4,10
9,Wave/Wave_10_18.mp4,10
10,Wave/Wave_10_19.mp4,10
11,Wave/Wave_10_2.mp4,10
12,Wave/Wave_10_20.mp4,10
13,Wave/Wave_10_3.mp4,10
14,Wave/Wave_10_4.mp4,10
15,Wave/Wave_10_5.mp4,10
16,Wave/Wave_10_6.mp4,10
17,Wave/Wave_10_7.mp4,10
18,Wave/Wave_10_8.mp4,10
19,Wave/Wave_10_9.mp4,10
20,Wave/Wave_11_1.mp4,10
21,Wave/Wave_11_10.mp4,10
22,Wave/Wave_11_11.mp4,10
23,Wave/Wave_11_12.mp4,10
24,Wave/Wave_11_13.mp4,10
25,Wave/Wave_11_14.mp4,10
26,Wave/Wave_11_15.mp4,10
27,Wave/Wave_11_16.mp4,10
28,Wave/Wave_11_17.mp4,10
29,Wave/Wave_11_18.mp4,10
30,Wave/Wave_11_19.mp4,10
31,Wave/Wave_11_2.mp4,10
32,Wave/Wave_11_20.mp4,10
33,Wave/Wave_11_21.mp4,10
34,Wave/Wave_11_22.mp4,10
35,Wave/Wave_11_23.mp4,10
36,Wave/Wave_11_24.mp4,10
37,Wave/Wave_11_3.mp4,10
38,Wave/Wave_11_4.mp4,10
39,Wave/Wave_11_5.mp4,10
40,Wave/Wave_11_6.mp4,10
41,Wave/Wave_11_7.mp4,10
42,Wave/Wave_11_8.mp4,10
43,Wave/Wave_11_9.mp4,10
44,Wave/Wave_13_12.mp4,10
45,Wave/Wave_13_13.mp4,10
46,Wave/Wave_13_14.mp4,10
47,Wave/Wave_13_15.mp4,10
48,Wave/Wave_13_17.mp4,10
49,Wave/Wave_13_18.mp4,10
50,Wave/Wave_13_2.mp4,10
51,Wave/Wave_13_20.mp4,10
52,Wave/Wave_13_21.mp4,10
53,Wave/Wave_13_22.mp4,10
54,Wave/Wave_13_29.mp4,10
55,Wave/Wave_13_3.mp4,10
56,Wave/Wave_13_30.mp4,10
57,Wave/Wave_13_33.mp4,10
58,Wave/Wave_13_34.mp4,10
59,Wave/Wave_13_36.mp4,10
60,Wave/Wave_13_37.mp4,10
61,Wave/Wave_13_38.mp4,10
62,Wave/Wave_13_39.mp4,10
63,Wave/Wave_13_4.mp4,10
64,Wave/Wave_13_40.mp4,10
65,Wave/Wave_13_5.mp4,10
66,Wave/Wave_13_6.mp4,10
67,Wave/Wave_13_7.mp4,10
68,Wave/Wave_13_8.mp4,10
69,Wave/Wave_13_9.mp4,10
70,Wave/Wave_14_1.mp4,10
71,Wave/Wave_14_10.mp4,10
72,Wave/Wave_14_11.mp4,10
73,Wave/Wave_14_12.mp4,10
74,Wave/Wave_14_13.mp4,10
75,Wave/Wave_14_14.mp4,10
76,Wave/Wave_14_15.mp4,10
77,Wave/Wave_14_16.mp4,10
78,Wave/Wave_14_17.mp4,10
79,Wave/Wave_14_18.mp4,10
80,Wave/Wave_14_19.mp4,10
81,Wave/Wave_14_2.mp4,10
82,Wave/Wave_14_20.mp4,10
83,Wave/Wave_14_21.mp4,10
84,Wave/Wave_14_22.mp4,10
85,Wave/Wave_14_23.mp4,10
86,Wave/Wave_14_24.mp4,10
87,Wave/Wave_14_26.mp4,10
88,Wave/Wave_14_27.mp4,10
89,Wave/Wave_14_28.mp4,10
90,Wave/Wave_14_3.mp4,10
91,Wave/Wave_14_4.mp4,10
92,Wave/Wave_14_5.mp4,10
93,Wave/Wave_14_7.mp4,10
94,Wave/Wave_14_8.mp4,10
95,Wave/Wave_14_9.mp4,10
96,Wave/Wave_17_1.mp4,10
97,Wave/Wave_17_10.mp4,10
98,Wave/Wave_17_11.mp4,10
99,Wave/Wave_17_12.mp4,10
100,Wave/Wave_17_14.mp4,10
101,Wave/Wave_17_17.mp4,10
102,Wave/Wave_17_18.mp4,10
103,Wave/Wave_17_19.mp4,10
104,Wave/Wave_17_2.mp4,10
105,Wave/Wave_17_20.mp4,10
106,Wave/Wave_17_21.mp4,10
107,Wave/Wave_17_22.mp4,10
108,Wave/Wave_17_23.mp4,10
109,Wave/Wave_17_25.mp4,10
110,Wave/Wave_17_26.mp4,10
111,Wave/Wave_17_27.mp4,10
112,Wave/Wave_17_28.mp4,10
113,Wave/Wave_17_29.mp4,10
114,Wave/Wave_17_30.mp4,10
115,Wave/Wave_17_31.mp4,10
116,Wave/Wave_17_32.mp4,10
117,Wave/Wave_17_33.mp4,10
118,Wave/Wave_17_4.mp4,10
119,Wave/Wave_17_5.mp4,10
120,Wave/Wave_17_8.mp4,10
121,Wave/Wave_17_9.mp4,10
122,Wave/Wave_18_1.mp4,10
123,Wave/Wave_18_10.mp4,10
124,Wave/Wave_18_11.mp4,10
125,Wave/Wave_18_12.mp4,10
126,Wave/Wave_18_13.mp4,10
127,Wave/Wave_18_14.mp4,10
128,Wave/Wave_18_15.mp4,10
129,Wave/Wave_18_16.mp4,10
130,Wave/Wave_18_17.mp4,10
131,Wave/Wave_18_18.mp4,10
132,Wave/Wave_18_19.mp4,10
133,Wave/Wave_18_2.mp4,10
134,Wave/Wave_18_20.mp4,10
135,Wave/Wave_18_21.mp4,10
136,Wave/Wave_18_22.mp4,10
137,Wave/Wave_18_23.mp4,10
138,Wave/Wave_18_24.mp4,10
139,Wave/Wave_18_25.mp4,10
140,Wave/Wave_18_26.mp4,10
141,Wave/Wave_18_27.mp4,10
142,Wave/Wave_18_28.mp4,10
143,Wave/Wave_18_3.mp4,10
144,Wave/Wave_18_4.mp4,10
145,Wave/Wave_18_5.mp4,10
146,Wave/Wave_18_6.mp4,10
147,Wave/Wave_18_7.mp4,10
148,Wave/Wave_19_1.mp4,10
149,Wave/Wave_19_10.mp4,10
150,Wave/Wave_19_11.mp4,10
151,Wave/Wave_19_12.mp4,10
152,Wave/Wave_19_13.mp4,10
153,Wave/Wave_19_2.mp4,10
154,Wave/Wave_19_3.mp4,10
155,Wave/Wave_19_4.mp4,10
156,Wave/Wave_19_5.mp4,10
157,Wave/Wave_19_6.mp4,10
158,Wave/Wave_19_7.mp4,10
159,Wave/Wave_19_8.mp4,10
160,Wave/Wave_19_9.mp4,10
161,Wave/Wave_20_1.mp4,10
162,Wave/Wave_20_10.mp4,10
163,Wave/Wave_20_11.mp4,10
164,Wave/Wave_20_12.mp4,10
165,Wave/Wave_20_13.mp4,10
166,Wave/Wave_20_14.mp4,10
167,Wave/Wave_20_15.mp4,10
168,Wave/Wave_20_2.mp4,10
169,Wave/Wave_20_3.mp4,10
170,Wave/Wave_20_4.mp4,10
171,Wave/Wave_20_5.mp4,10
172,Wave/Wave_20_6.mp4,10
173,Wave/Wave_20_7.mp4,10
174,Wave/Wave_20_8.mp4,10
175,Wave/Wave_20_9.mp4,10
176,Wave/Wave_3_1.mp4,10
177,Wave/Wave_3_10.mp4,10
178,Wave/Wave_3_11.mp4,10
179,Wave/Wave_3_13.mp4,10
180,Wave/Wave_3_14.mp4,10
181,Wave/Wave_3_15.mp4,10
182,Wave/Wave_3_16.mp4,10
183,Wave/Wave_3_17.mp4,10
184,Wave/Wave_3_18.mp4,10
185,Wave/Wave_3_2.mp4,10
186,Wave/Wave_3_20.mp4,10
187,Wave/Wave_3_21.mp4,10
188,Wave/Wave_3_22.mp4,10
189,Wave/Wave_3_23.mp4,10
190,Wave/Wave_3_26.mp4,10
191,Wave/Wave_3_29.mp4,10
192,Wave/Wave_3_3.mp4,10
193,Wave/Wave_3_30.mp4,10
194,Wave/Wave_3_33.mp4,10
195,Wave/Wave_3_35.mp4,10
196,Wave/Wave_3_4.mp4,10
197,Wave/Wave_3_5.mp4,10
198,Wave/Wave_3_6.mp4,10
199,Wave/Wave_3_7.mp4,10
200,Wave/Wave_3_8.mp4,10
201,Wave/Wave_3_9.mp4,10
202,Wave/Wave_4_1.mp4,10
203,Wave/Wave_4_10.mp4,10
204,Wave/Wave_4_11.mp4,10
205,Wave/Wave_4_13.mp4,10
206,Wave/Wave_4_14.mp4,10
207,Wave/Wave_4_15.mp4,10
208,Wave/Wave_4_17.mp4,10
209,Wave/Wave_4_2.mp4,10
210,Wave/Wave_4_20.mp4,10
211,Wave/Wave_4_22.mp4,10
212,Wave/Wave_4_23.mp4,10
213,Wave/Wave_4_24.mp4,10
214,Wave/Wave_4_26.mp4,10
215,Wave/Wave_4_27.mp4,10
216,Wave/Wave_4_29.mp4,10
217,Wave/Wave_4_33.mp4,10
218,Wave/Wave_4_34.mp4,10
219,Wave/Wave_4_35.mp4,10
220,Wave/Wave_4_36.mp4,10
221,Wave/Wave_4_37.mp4,10
222,Wave/Wave_4_38.mp4,10
223,Wave/Wave_4_4.mp4,10
224,Wave/Wave_4_5.mp4,10
225,Wave/Wave_4_6.mp4,10
226,Wave/Wave_4_7.mp4,10
227,Wave/Wave_4_9.mp4,10
228,Wave/Wave_6_11.mp4,10
229,Wave/Wave_6_12.mp4,10
230,Wave/Wave_6_13.mp4,10
231,Wave/Wave_6_14.mp4,10
232,Wave/Wave_6_15.mp4,10
233,Wave/Wave_6_16.mp4,10
234,Wave/Wave_6_18.mp4,10
235,Wave/Wave_6_19.mp4,10
236,Wave/Wave_6_2.mp4,10
237,Wave/Wave_6_20.mp4,10
238,Wave/Wave_6_21.mp4,10
239,Wave/Wave_6_23.mp4,10
240,Wave/Wave_6_25.mp4,10
241,Wave/Wave_6_26.mp4,10
242,Wave/Wave_6_27.mp4,10
243,Wave/Wave_6_28.mp4,10
244,Wave/Wave_6_29.mp4,10
245,Wave/Wave_6_3.mp4,10
246,Wave/Wave_6_30.mp4,10
247,Wave/Wave_6_31.mp4,10
248,Wave/Wave_6_4.mp4,10
249,Wave/Wave_6_5.mp4,10
250,Wave/Wave_6_6.mp4,10
251,Wave/Wave_6_7.mp4,10
252,Wave/Wave_6_8.mp4,10
253,Wave/Wave_6_9.mp4,10
254,Wave/Wave_7_1.mp4,10
255,Wave/Wave_7_13.mp4,10
256,Wave/Wave_7_14.mp4,10
257,Wave/Wave_7_15.mp4,10
258,Wave/Wave_7_19.mp4,10
259,Wave/Wave_7_2.mp4,10
260,Wave/Wave_7_21.mp4,10
261,Wave/Wave_7_22.mp4,10
262,Wave/Wave_7_23.mp4,10
263,Wave/Wave_7_25.mp4,10
264,Wave/Wave_7_26.mp4,10
265,Wave/Wave_7_27.mp4,10
266,Wave/Wave_7_28.mp4,10
267,Wave/Wave_7_29.mp4,10
268,Wave/Wave_7_30.mp4,10
269,Wave/Wave_7_31.mp4,10
270,Wave/Wave_7_34.mp4,10
271,Wave/Wave_7_35.mp4,10
272,Wave/Wave_7_36.mp4,10
273,Wave/Wave_7_4.mp4,10
274,Wave/Wave_7_40.mp4,10
275,Wave/Wave_7_41.mp4,10
276,Wave/Wave_7_42.mp4,10
277,Wave/Wave_7_43.mp4,10
278,Wave/Wave_7_5.mp4,10
279,Wave/Wave_7_7.mp4,10
280,Wave/Wave_8_1.mp4,10
281,Wave/Wave_8_10.mp4,10
282,Wave/Wave_8_11.mp4,10
283,Wave/Wave_8_12.mp4,10
284,Wave/Wave_8_13.mp4,10
285,Wave/Wave_8_14.mp4,10
286,Wave/Wave_8_15.mp4,10
287,Wave/Wave_8_16.mp4,10
288,Wave/Wave_8_17.mp4,10
289,Wave/Wave_8_18.mp4,10
290,Wave/Wave_8_19.mp4,10
291,Wave/Wave_8_2.mp4,10
292,Wave/Wave_8_20.mp4,10
293,Wave/Wave_8_21.mp4,10
294,Wave/Wave_8_3.mp4,10
295,Wave/Wave_8_4.mp4,10
296,Wave/Wave_8_5.mp4,10
297,Wave/Wave_8_6.mp4,10
298,Wave/Wave_8_7.mp4,10
299,Wave/Wave_8_8.mp4,10
300,Wave/Wave_8_9.mp4,10
301,Wave/Wave_9_1.mp4,10
302,Wave/Wave_9_10.mp4,10
303,Wave/Wave_9_11.mp4,10
304,Wave/Wave_9_12.mp4,10
305,Wave/Wave_9_13.mp4,10
306,Wave/Wave_9_2.mp4,10
307,Wave/Wave_9_3.mp4,10
308,Wave/Wave_9_4.mp4,10
309,Wave/Wave_9_5.mp4,10
310,Wave/Wave_9_6.mp4,10
311,Wave/Wave_9_7.mp4,10
312,Wave/Wave_9_8.mp4,10
313,Wave/Wave_9_9.mp4,10
314,Run/Run_10_1.mp4,5
315,Run/Run_10_11.mp4,5
316,Run/Run_10_12.mp4,5
317,Run/Run_10_14.mp4,5
318,Run/Run_10_15.mp4,5
319,Run/Run_10_16.mp4,5
320,Run/Run_10_17.mp4,5
321,Run/Run_10_18.mp4,5
322,Run/Run_10_19.mp4,5
323,Run/Run_10_2.mp4,5
324,Run/Run_10_20.mp4,5
325,Run/Run_10_21.mp4,5
326,Run/Run_10_23.mp4,5
327,Run/Run_10_24.mp4,5
328,Run/Run_10_25.mp4,5
329,Run/Run_10_26.mp4,5
330,Run/Run_10_28.mp4,5
331,Run/Run_10_29.mp4,5
332,Run/Run_10_30.mp4,5
333,Run/Run_10_31.mp4,5
334,Run/Run_10_32.mp4,5
335,Run/Run_10_4.mp4,5
336,Run/Run_10_5.mp4,5
337,Run/Run_10_7.mp4,5
338,Run/Run_10_8.mp4,5
339,Run/Run_10_9.mp4,5
340,Run/Run_11_1.mp4,5
341,Run/Run_11_10.mp4,5
342,Run/Run_11_11.mp4,5
343,Run/Run_11_12.mp4,5
344,Run/Run_11_13.mp4,5
345,Run/Run_11_14.mp4,5
346,Run/Run_11_15.mp4,5
347,Run/Run_11_16.mp4,5
348,Run/Run_11_17.mp4,5
349,Run/Run_11_18.mp4,5
350,Run/Run_11_2.mp4,5
351,Run/Run_11_20.mp4,5
352,Run/Run_11_21.mp4,5
353,Run/Run_11_22.mp4,5
354,Run/Run_11_23.mp4,5
355,Run/Run_11_24.mp4,5
356,Run/Run_11_25.mp4,5
357,Run/Run_11_26.mp4,5
358,Run/Run_11_28.mp4,5
359,Run/Run_11_29.mp4,5
360,Run/Run_11_30.mp4,5
361,Run/Run_11_31.mp4,5
362,Run/Run_11_4.mp4,5
363,Run/Run_11_5.mp4,5
364,Run/Run_11_7.mp4,5
365,Run/Run_11_8.mp4,5
366,Run/Run_12_1.mp4,5
367,Run/Run_12_10.mp4,5
368,Run/Run_12_11.mp4,5
369,Run/Run_12_12.mp4,5
370,Run/Run_12_13.mp4,5
371,Run/Run_12_14.mp4,5
372,Run/Run_12_15.mp4,5
373,Run/Run_12_16.mp4,5
374,Run/Run_12_17.mp4,5
375,Run/Run_12_19.mp4,5
376,Run/Run_12_20.mp4,5
377,Run/Run_12_21.mp4,5
378,Run/Run_12_22.mp4,5
379,Run/Run_12_23.mp4,5
380,Run/Run_12_26.mp4,5
381,Run/Run_12_28.mp4,5
382,Run/Run_12_29.mp4,5
383,Run/Run_12_3.mp4,5
384,Run/Run_12_30.mp4,5
385,Run/Run_12_31.mp4,5
386,Run/Run_12_33.mp4,5
387,Run/Run_12_5.mp4,5
388,Run/Run_12_6.mp4,5
389,Run/Run_12_7.mp4,5
390,Run/Run_12_8.mp4,5
391,Run/Run_12_9.mp4,5
392,Run/Run_14_1.mp4,5
393,Run/Run_14_10.mp4,5
394,Run/Run_14_11.mp4,5
395,Run/Run_14_12.mp4,5
396,Run/Run_14_13.mp4,5
397,Run/Run_14_14.mp4,5
398,Run/Run_14_15.mp4,5
399,Run/Run_14_16.mp4,5
400,Run/Run_14_17.mp4,5
401,Run/Run_14_19.mp4,5
402,Run/Run_14_2.mp4,5
403,Run/Run_14_20.mp4,5
404,Run/Run_14_21.mp4,5
405,Run/Run_14_22.mp4,5
406,Run/Run_14_23.mp4,5
407,Run/Run_14_24.mp4,5
408,Run/Run_14_25.mp4,5
409,Run/Run_14_26.mp4,5
410,Run/Run_14_27.mp4,5
411,Run/Run_14_3.mp4,5
412,Run/Run_14_4.mp4,5
413,Run/Run_14_5.mp4,5
414,Run/Run_14_6.mp4,5
415,Run/Run_14_7.mp4,5
416,Run/Run_14_8.mp4,5
417,Run/Run_14_9.mp4,5
418,Run/Run_15_1.mp4,5
419,Run/Run_15_10.mp4,5
420,Run/Run_15_11.mp4,5
421,Run/Run_15_12.mp4,5
422,Run/Run_15_13.mp4,5
423,Run/Run_15_14.mp4,5
424,Run/Run_15_15.mp4,5
425,Run/Run_15_16.mp4,5
426,Run/Run_15_17.mp4,5
427,Run/Run_15_18.mp4,5
428,Run/Run_15_19.mp4,5
429,Run/Run_15_2.mp4,5
430,Run/Run_15_20.mp4,5
431,Run/Run_15_21.mp4,5
432,Run/Run_15_22.mp4,5
433,Run/Run_15_23.mp4,5
434,Run/Run_15_24.mp4,5
435,Run/Run_15_25.mp4,5
436,Run/Run_15_3.mp4,5
437,Run/Run_15_4.mp4,5
438,Run/Run_15_5.mp4,5
439,Run/Run_15_6.mp4,5
440,Run/Run_15_7.mp4,5
441,Run/Run_15_8.mp4,5
442,Run/Run_15_9.mp4,5
443,Run/Run_16_1.mp4,5
444,Run/Run_16_10.mp4,5
445,Run/Run_16_11.mp4,5
446,Run/Run_16_12.mp4,5
447,Run/Run_16_13.mp4,5
448,Run/Run_16_14.mp4,5
449,Run/Run_16_15.mp4,5
450,Run/Run_16_16.mp4,5
451,Run/Run_16_17.mp4,5
452,Run/Run_16_18.mp4,5
453,Run/Run_16_19.mp4,5
454,Run/Run_16_2.mp4,5
455,Run/Run_16_20.mp4,5
456,Run/Run_16_21.mp4,5
457,Run/Run_16_22.mp4,5
458,Run/Run_16_23.mp4,5
459,Run/Run_16_24.mp4,5
460,Run/Run_16_25.mp4,5
461,Run/Run_16_3.mp4,5
462,Run/Run_16_4.mp4,5
463,Run/Run_16_5.mp4,5
464,Run/Run_16_6.mp4,5
465,Run/Run_16_7.mp4,5
466,Run/Run_16_8.mp4,5
467,Run/Run_16_9.mp4,5
468,Run/Run_18_1.mp4,5
469,Run/Run_18_10.mp4,5
470,Run/Run_18_11.mp4,5
471,Run/Run_18_12.mp4,5
472,Run/Run_18_13.mp4,5
473,Run/Run_18_14.mp4,5
474,Run/Run_18_15.mp4,5
475,Run/Run_18_16.mp4,5
476,Run/Run_18_17.mp4,5
477,Run/Run_18_18.mp4,5
478,Run/Run_18_19.mp4,5
479,Run/Run_18_2.mp4,5
480,Run/Run_18_20.mp4,5
481,Run/Run_18_21.mp4,5
482,Run/Run_18_22.mp4,5
483,Run/Run_18_23.mp4,5
484,Run/Run_18_3.mp4,5
485,Run/Run_18_4.mp4,5
486,Run/Run_18_5.mp4,5
487,Run/Run_18_6.mp4,5
488,Run/Run_18_7.mp4,5
489,Run/Run_18_8.mp4,5
490,Run/Run_18_9.mp4,5
491,Run/Run_19_1.mp4,5
492,Run/Run_19_10.mp4,5
493,Run/Run_19_11.mp4,5
494,Run/Run_19_12.mp4,5
495,Run/Run_19_13.mp4,5
496,Run/Run_19_14.mp4,5
497,Run/Run_19_15.mp4,5
498,Run/Run_19_16.mp4,5
499,Run/Run_19_17.mp4,5
500,Run/Run_19_18.mp4,5
501,Run/Run_19_19.mp4,5
502,Run/Run_19_2.mp4,5
503,Run/Run_19_20.mp4,5
504,Run/Run_19_3.mp4,5
505,Run/Run_19_4.mp4,5
506,Run/Run_19_5.mp4,5
507,Run/Run_19_6.mp4,5
508,Run/Run_19_7.mp4,5
509,Run/Run_19_8.mp4,5
510,Run/Run_19_9.mp4,5
511,Run/Run_1_1.mp4,5
512,Run/Run_1_10.mp4,5
513,Run/Run_1_11.mp4,5
514,Run/Run_1_12.mp4,5
515,Run/Run_1_13.mp4,5
516,Run/Run_1_14.mp4,5
517,Run/Run_1_2.mp4,5
518,Run/Run_1_3.mp4,5
519,Run/Run_1_4.mp4,5
520,Run/Run_1_5.mp4,5
521,Run/Run_1_6.mp4,5
522,Run/Run_1_7.mp4,5
523,Run/Run_1_8.mp4,5
524,Run/Run_1_9.mp4,5
525,Run/Run_2_1.mp4,5
526,Run/Run_2_10.mp4,5
527,Run/Run_2_11.mp4,5
528,Run/Run_2_12.mp4,5
529,Run/Run_2_13.mp4,5
530,Run/Run_2_14.mp4,5
531,Run/Run_2_15.mp4,5
532,Run/Run_2_16.mp4,5
533,Run/Run_2_17.mp4,5
534,Run/Run_2_18.mp4,5
535,Run/Run_2_19.mp4,5
536,Run/Run_2_2.mp4,5
537,Run/Run_2_20.mp4,5
538,Run/Run_2_21.mp4,5
539,Run/Run_2_22.mp4,5
540,Run/Run_2_23.mp4,5
541,Run/Run_2_24.mp4,5
542,Run/Run_2_25.mp4,5
543,Run/Run_2_26.mp4,5
544,Run/Run_2_3.mp4,5
545,Run/Run_2_4.mp4,5
546,Run/Run_2_5.mp4,5
547,Run/Run_2_6.mp4,5
548,Run/Run_2_7.mp4,5
549,Run/Run_2_8.mp4,5
550,Run/Run_2_9.mp4,5
551,Run/Run_3_1.mp4,5
552,Run/Run_3_10.mp4,5
553,Run/Run_3_11.mp4,5
554,Run/Run_3_12.mp4,5
555,Run/Run_3_13.mp4,5
556,Run/Run_3_14.mp4,5
557,Run/Run_3_15.mp4,5
558,Run/Run_3_16.mp4,5
559,Run/Run_3_17.mp4,5
560,Run/Run_3_18.mp4,5
561,Run/Run_3_19.mp4,5
562,Run/Run_3_2.mp4,5
563,Run/Run_3_20.mp4,5
564,Run/Run_3_21.mp4,5
565,Run/Run_3_3.mp4,5
566,Run/Run_3_4.mp4,5
567,Run/Run_3_5.mp4,5
568,Run/Run_3_6.mp4,5
569,Run/Run_3_7.mp4,5
570,Run/Run_3_8.mp4,5
571,Run/Run_3_9.mp4,5
572,Run/Run_4_1.mp4,5
573,Run/Run_4_10.mp4,5
574,Run/Run_4_11.mp4,5
575,Run/Run_4_12.mp4,5
576,Run/Run_4_13.mp4,5
577,Run/Run_4_14.mp4,5
578,Run/Run_4_15.mp4,5
579,Run/Run_4_16.mp4,5
580,Run/Run_4_17.mp4,5
581,Run/Run_4_18.mp4,5
582,Run/Run_4_19.mp4,5
583,Run/Run_4_2.mp4,5
584,Run/Run_4_20.mp4,5
585,Run/Run_4_21.mp4,5
586,Run/Run_4_22.mp4,5
587,Run/Run_4_23.mp4,5
588,Run/Run_4_24.mp4,5
589,Run/Run_4_25.mp4,5
590,Run/Run_4_3.mp4,5
591,Run/Run_4_4.mp4,5
592,Run/Run_4_5.mp4,5
593,Run/Run_4_6.mp4,5
594,Run/Run_4_7.mp4,5
595,Run/Run_4_8.mp4,5
596,Run/Run_4_9.mp4,5
597,Run/Run_7_1.mp4,5
598,Run/Run_7_12.mp4,5
599,Run/Run_7_13.mp4,5
600,Run/Run_7_15.mp4,5
601,Run/Run_7_16.mp4,5
602,Run/Run_7_18.mp4,5
603,Run/Run_7_19.mp4,5
604,Run/Run_7_2.mp4,5
605,Run/Run_7_20.mp4,5
606,Run/Run_7_22.mp4,5
607,Run/Run_7_23.mp4,5
608,Run/Run_7_24.mp4,5
609,Run/Run_7_26.mp4,5
610,Run/Run_7_29.mp4,5
611,Run/Run_7_3.mp4,5
612,Run/Run_7_31.mp4,5
613,Run/Run_7_33.mp4,5
614,Run/Run_7_34.mp4,5
615,Run/Run_7_35.mp4,5
616,Run/Run_7_36.mp4,5
617,Run/Run_7_39.mp4,5
618,Run/Run_7_5.mp4,5
619,Run/Run_7_6.mp4,5
620,Run/Run_7_7.mp4,5
621,Run/Run_7_8.mp4,5
622,Run/Run_7_9.mp4,5
623,Run/Run_9_1.mp4,5
624,Run/Run_9_10.mp4,5
625,Run/Run_9_11.mp4,5
626,Run/Run_9_12.mp4,5
627,Run/Run_9_13.mp4,5
628,Run/Run_9_14.mp4,5
629,Run/Run_9_16.mp4,5
630,Run/Run_9_17.mp4,5
631,Run/Run_9_18.mp4,5
632,Run/Run_9_19.mp4,5
633,Run/Run_9_2.mp4,5
634,Run/Run_9_20.mp4,5
635,Run/Run_9_21.mp4,5
636,Run/Run_9_23.mp4,5
637,Run/Run_9_24.mp4,5
638,Run/Run_9_25.mp4,5
639,Run/Run_9_27.mp4,5
640,Run/Run_9_28.mp4,5
641,Run/Run_9_3.mp4,5
642,Run/Run_9_30.mp4,5
643,Run/Run_9_4.mp4,5
644,Run/Run_9_5.mp4,5
645,Run/Run_9_6.mp4,5
646,Run/Run_9_7.mp4,5
647,Run/Run_9_8.mp4,5
648,Run/Run_9_9.mp4,5
649,Sit/Sit_10_1.mp4,6
650,Sit/Sit_10_10.mp4,6
651,Sit/Sit_10_11.mp4,6
652,Sit/Sit_10_12.mp4,6
653,Sit/Sit_10_13.mp4,6
654,Sit/Sit_10_2.mp4,6
655,Sit/Sit_10_3.mp4,6
656,Sit/Sit_10_4.mp4,6
657,Sit/Sit_10_5.mp4,6
658,Sit/Sit_10_6.mp4,6
659,Sit/Sit_10_7.mp4,6
660,Sit/Sit_10_8.mp4,6
661,Sit/Sit_10_9.mp4,6
662,Sit/Sit_11_1.mp4,6
663,Sit/Sit_11_10.mp4,6
664,Sit/Sit_11_11.mp4,6
665,Sit/Sit_11_12.mp4,6
666,Sit/Sit_11_13.mp4,6
667,Sit/Sit_11_14.mp4,6
668,Sit/Sit_11_15.mp4,6
669,Sit/Sit_11_16.mp4,6
670,Sit/Sit_11_17.mp4,6
671,Sit/Sit_11_18.mp4,6
672,Sit/Sit_11_19.mp4,6
673,Sit/Sit_11_2.mp4,6
674,Sit/Sit_11_20.mp4,6
675,Sit/Sit_11_5.mp4,6
676,Sit/Sit_11_6.mp4,6
677,Sit/Sit_11_7.mp4,6
678,Sit/Sit_11_8.mp4,6
679,Sit/Sit_11_9.mp4,6
680,Sit/Sit_13_12.mp4,6
681,Sit/Sit_13_13.mp4,6
682,Sit/Sit_13_15.mp4,6
683,Sit/Sit_13_16.mp4,6
684,Sit/Sit_13_17.mp4,6
685,Sit/Sit_13_18.mp4,6
686,Sit/Sit_13_19.mp4,6
687,Sit/Sit_13_2.mp4,6
688,Sit/Sit_13_20.mp4,6
689,Sit/Sit_13_21.mp4,6
690,Sit/Sit_13_22.mp4,6
691,Sit/Sit_13_23.mp4,6
692,Sit/Sit_13_24.mp4,6
693,Sit/Sit_13_26.mp4,6
694,Sit/Sit_13_3.mp4,6
695,Sit/Sit_13_4.mp4,6
696,Sit/Sit_13_7.mp4,6
697,Sit/Sit_13_9.mp4,6
698,Sit/Sit_15_1.mp4,6
699,Sit/Sit_15_12.mp4,6
700,Sit/Sit_15_13.mp4,6
701,Sit/Sit_15_14.mp4,6
702,Sit/Sit_15_15.mp4,6
703,Sit/Sit_15_17.mp4,6
704,Sit/Sit_15_18.mp4,6
705,Sit/Sit_15_19.mp4,6
706,Sit/Sit_15_2.mp4,6
707,Sit/Sit_15_22.mp4,6
708,Sit/Sit_15_25.mp4,6
709,Sit/Sit_15_27.mp4,6
710,Sit/Sit_15_29.mp4,6
711,Sit/Sit_15_3.mp4,6
712,Sit/Sit_15_5.mp4,6
713,Sit/Sit_15_7.mp4,6
714,Sit/Sit_15_8.mp4,6
715,Sit/Sit_15_9.mp4,6
716,Sit/Sit_16_1.mp4,6
717,Sit/Sit_16_10.mp4,6
718,Sit/Sit_16_11.mp4,6
719,Sit/Sit_16_12.mp4,6
720,Sit/Sit_16_14.mp4,6
721,Sit/Sit_16_15.mp4,6
722,Sit/Sit_16_16.mp4,6
723,Sit/Sit_16_17.mp4,6
724,Sit/Sit_16_18.mp4,6
725,Sit/Sit_16_19.mp4,6
726,Sit/Sit_16_2.mp4,6
727,Sit/Sit_16_20.mp4,6
728,Sit/Sit_16_21.mp4,6
729,Sit/Sit_16_22.mp4,6
730,Sit/Sit_16_3.mp4,6
731,Sit/Sit_16_4.mp4,6
732,Sit/Sit_16_7.mp4,6
733,Sit/Sit_16_9.mp4,6
734,Sit/Sit_17_1.mp4,6
735,Sit/Sit_17_11.mp4,6
736,Sit/Sit_17_12.mp4,6
737,Sit/Sit_17_13.mp4,6
738,Sit/Sit_17_14.mp4,6
739,Sit/Sit_17_15.mp4,6
740,Sit/Sit_17_16.mp4,6
741,Sit/Sit_17_18.mp4,6
742,Sit/Sit_17_19.mp4,6
743,Sit/Sit_17_2.mp4,6
744,Sit/Sit_17_20.mp4,6
745,Sit/Sit_17_3.mp4,6
746,Sit/Sit_17_4.mp4,6
747,Sit/Sit_17_5.mp4,6
748,Sit/Sit_17_6.mp4,6
749,Sit/Sit_17_7.mp4,6
750,Sit/Sit_17_8.mp4,6
751,Sit/Sit_17_9.mp4,6
752,Sit/Sit_19_1.mp4,6
753,Sit/Sit_19_10.mp4,6
754,Sit/Sit_19_11.mp4,6
755,Sit/Sit_19_12.mp4,6
756,Sit/Sit_19_13.mp4,6
757,Sit/Sit_19_14.mp4,6
758,Sit/Sit_19_15.mp4,6
759,Sit/Sit_19_16.mp4,6
760,Sit/Sit_19_17.mp4,6
761,Sit/Sit_19_18.mp4,6
762,Sit/Sit_19_2.mp4,6
763,Sit/Sit_19_20.mp4,6
764,Sit/Sit_19_3.mp4,6
765,Sit/Sit_19_4.mp4,6
766,Sit/Sit_19_5.mp4,6
767,Sit/Sit_19_6.mp4,6
768,Sit/Sit_19_7.mp4,6
769,Sit/Sit_19_8.mp4,6
770,Sit/Sit_1_1.mp4,6
771,Sit/Sit_1_2.mp4,6
772,Sit/Sit_1_3.mp4,6
773,Sit/Sit_1_4.mp4,6
774,Sit/Sit_1_5.mp4,6
775,Sit/Sit_1_6.mp4,6
776,Sit/Sit_1_7.mp4,6
777,Sit/Sit_1_8.mp4,6
778,Sit/Sit_1_9.mp4,6
779,Sit/Sit_21_1.mp4,6
780,Sit/Sit_21_10.mp4,6
781,Sit/Sit_21_11.mp4,6
782,Sit/Sit_21_12.mp4,6
783,Sit/Sit_21_13.mp4,6
784,Sit/Sit_21_14.mp4,6
785,Sit/Sit_21_2.mp4,6
786,Sit/Sit_21_3.mp4,6
787,Sit/Sit_21_4.mp4,6
788,Sit/Sit_21_5.mp4,6
789,Sit/Sit_21_6.mp4,6
790,Sit/Sit_21_7.mp4,6
791,Sit/Sit_21_8.mp4,6
792,Sit/Sit_21_9.mp4,6
793,Sit/Sit_2_1.mp4,6
794,Sit/Sit_2_2.mp4,6
795,Sit/Sit_2_3.mp4,6
796,Sit/Sit_2_4.mp4,6
797,Sit/Sit_2_5.mp4,6
798,Sit/Sit_2_6.mp4,6
799,Sit/Sit_2_7.mp4,6
800,Sit/Sit_2_8.mp4,6
801,Sit/Sit_3_11.mp4,6
802,Sit/Sit_3_12.mp4,6
803,Sit/Sit_3_13.mp4,6
804,Sit/Sit_3_14.mp4,6
805,Sit/Sit_3_16.mp4,6
806,Sit/Sit_3_17.mp4,6
807,Sit/Sit_3_18.mp4,6
808,Sit/Sit_3_19.mp4,6
809,Sit/Sit_3_2.mp4,6
810,Sit/Sit_3_20.mp4,6
811,Sit/Sit_3_21.mp4,6
812,Sit/Sit_3_3.mp4,6
813,Sit/Sit_3_4.mp4,6
814,Sit/Sit_3_5.mp4,6
815,Sit/Sit_3_6.mp4,6
816,Sit/Sit_3_7.mp4,6
817,Sit/Sit_3_8.mp4,6
818,Sit/Sit_3_9.mp4,6
819,Sit/Sit_5_1.mp4,6
820,Sit/Sit_5_10.mp4,6
821,Sit/Sit_5_11.mp4,6
822,Sit/Sit_5_12.mp4,6
823,Sit/Sit_5_13.mp4,6
824,Sit/Sit_5_2.mp4,6
825,Sit/Sit_5_3.mp4,6
826,Sit/Sit_5_4.mp4,6
827,Sit/Sit_5_5.mp4,6
828,Sit/Sit_5_6.mp4,6
829,Sit/Sit_5_7.mp4,6
830,Sit/Sit_5_8.mp4,6
831,Sit/Sit_5_9.mp4,6
832,Sit/Sit_7_1.mp4,6
833,Sit/Sit_7_10.mp4,6
834,Sit/Sit_7_11.mp4,6
835,Sit/Sit_7_12.mp4,6
836,Sit/Sit_7_2.mp4,6
837,Sit/Sit_7_3.mp4,6
838,Sit/Sit_7_4.mp4,6
839,Sit/Sit_7_5.mp4,6
840,Sit/Sit_7_6.mp4,6
841,Sit/Sit_7_7.mp4,6
842,Sit/Sit_7_8.mp4,6
843,Sit/Sit_7_9.mp4,6
844,Sit/Sit_8_1.mp4,6
845,Sit/Sit_8_10.mp4,6
846,Sit/Sit_8_11.mp4,6
847,Sit/Sit_8_2.mp4,6
848,Sit/Sit_8_3.mp4,6
849,Sit/Sit_8_4.mp4,6
850,Sit/Sit_8_5.mp4,6
851,Sit/Sit_8_6.mp4,6
852,Sit/Sit_8_7.mp4,6
853,Sit/Sit_8_8.mp4,6
854,Sit/Sit_8_9.mp4,6
855,Sit/Sit_9_1.mp4,6
856,Sit/Sit_9_2.mp4,6
857,Sit/Sit_9_3.mp4,6
858,Sit/Sit_9_4.mp4,6
859,Sit/Sit_9_5.mp4,6
860,Sit/Sit_9_6.mp4,6
861,Sit/Sit_9_7.mp4,6
862,Sit/Sit_9_8.mp4,6
863,Stand/Stand_11_1.mp4,7
864,Stand/Stand_11_10.mp4,7
865,Stand/Stand_11_12.mp4,7
866,Stand/Stand_11_13.mp4,7
867,Stand/Stand_11_15.mp4,7
868,Stand/Stand_11_16.mp4,7
869,Stand/Stand_11_17.mp4,7
870,Stand/Stand_11_18.mp4,7
871,Stand/Stand_11_19.mp4,7
872,Stand/Stand_11_2.mp4,7
873,Stand/Stand_11_20.mp4,7
874,Stand/Stand_11_3.mp4,7
875,Stand/Stand_11_4.mp4,7
876,Stand/Stand_11_5.mp4,7
877,Stand/Stand_11_6.mp4,7
878,Stand/Stand_11_7.mp4,7
879,Stand/Stand_11_8.mp4,7
880,Stand/Stand_11_9.mp4,7
881,Stand/Stand_12_1.mp4,7
882,Stand/Stand_12_10.mp4,7
883,Stand/Stand_12_11.mp4,7
884,Stand/Stand_12_12.mp4,7
885,Stand/Stand_12_14.mp4,7
886,Stand/Stand_12_15.mp4,7
887,Stand/Stand_12_16.mp4,7
888,Stand/Stand_12_18.mp4,7
889,Stand/Stand_12_19.mp4,7
890,Stand/Stand_12_2.mp4,7
891,Stand/Stand_12_20.mp4,7
892,Stand/Stand_12_22.mp4,7
893,Stand/Stand_12_23.mp4,7
894,Stand/Stand_12_25.mp4,7
895,Stand/Stand_12_4.mp4,7
896,Stand/Stand_12_6.mp4,7
897,Stand/Stand_12_8.mp4,7
898,Stand/Stand_12_9.mp4,7
899,Stand/Stand_15_1.mp4,7
900,Stand/Stand_15_11.mp4,7
901,Stand/Stand_15_13.mp4,7
902,Stand/Stand_15_14.mp4,7
903,Stand/Stand_15_15.mp4,7
904,Stand/Stand_15_16.mp4,7
905,Stand/Stand_15_17.mp4,7
906,Stand/Stand_15_19.mp4,7
907,Stand/Stand_15_2.mp4,7
908,Stand/Stand_15_20.mp4,7
909,Stand/Stand_15_23.mp4,7
910,Stand/Stand_15_24.mp4,7
911,Stand/Stand_15_26.mp4,7
912,Stand/Stand_15_5.mp4,7
913,Stand/Stand_15_6.mp4,7
914,Stand/Stand_15_7.mp4,7
915,Stand/Stand_15_8.mp4,7
916,Stand/Stand_15_9.mp4,7
917,Stand/Stand_16_1.mp4,7
918,Stand/Stand_16_10.mp4,7
919,Stand/Stand_16_11.mp4,7
920,Stand/Stand_16_12.mp4,7
921,Stand/Stand_16_13.mp4,7
922,Stand/Stand_16_14.mp4,7
923,Stand/Stand_16_16.mp4,7
924,Stand/Stand_16_17.mp4,7
925,Stand/Stand_16_20.mp4,7
926,Stand/Stand_16_21.mp4,7
927,Stand/Stand_16_22.mp4,7
928,Stand/Stand_16_23.mp4,7
929,Stand/Stand_16_4.mp4,7
930,Stand/Stand_16_5.mp4,7
931,Stand/Stand_16_6.mp4,7
932,Stand/Stand_16_7.mp4,7
933,Stand/Stand_16_8.mp4,7
934,Stand/Stand_16_9.mp4,7
935,Stand/Stand_17_1.mp4,7
936,Stand/Stand_17_10.mp4,7
937,Stand/Stand_17_11.mp4,7
938,Stand/Stand_17_12.mp4,7
939,Stand/Stand_17_13.mp4,7
940,Stand/Stand_17_14.mp4,7
941,Stand/Stand_17_16.mp4,7
942,Stand/Stand_17_18.mp4,7
943,Stand/Stand_17_19.mp4,7
944,Stand/Stand_17_2.mp4,7
945,Stand/Stand_17_20.mp4,7
946,Stand/Stand_17_3.mp4,7
947,Stand/Stand_17_4.mp4,7
948,Stand/Stand_17_5.mp4,7
949,Stand/Stand_17_6.mp4,7
950,Stand/Stand_17_7.mp4,7
951,Stand/Stand_17_8.mp4,7
952,Stand/Stand_17_9.mp4,7
953,Stand/Stand_1_1.mp4,7
954,Stand/Stand_1_10.mp4,7
955,Stand/Stand_1_11.mp4,7
956,Stand/Stand_1_12.mp4,7
957,Stand/Stand_1_13.mp4,7
958,Stand/Stand_1_14.mp4,7
959,Stand/Stand_1_15.mp4,7
960,Stand/Stand_1_16.mp4,7
961,Stand/Stand_1_17.mp4,7
962,Stand/Stand_1_18.mp4,7
963,Stand/Stand_1_2.mp4,7
964,Stand/Stand_1_3.mp4,7
965,Stand/Stand_1_4.mp4,7
966,Stand/Stand_1_5.mp4,7
967,Stand/Stand_1_6.mp4,7
968,Stand/Stand_1_7.mp4,7
969,Stand/Stand_1_8.mp4,7
970,Stand/Stand_1_9.mp4,7
971,Stand/Stand_20_1.mp4,7
972,Stand/Stand_20_10.mp4,7
973,Stand/Stand_20_11.mp4,7
974,Stand/Stand_20_12.mp4,7
975,Stand/Stand_20_13.mp4,7
976,Stand/Stand_20_14.mp4,7
977,Stand/Stand_20_15.mp4,7
978,Stand/Stand_20_2.mp4,7
979,Stand/Stand_20_3.mp4,7
980,Stand/Stand_20_4.mp4,7
981,Stand/Stand_20_5.mp4,7
982,Stand/Stand_20_6.mp4,7
983,Stand/Stand_20_7.mp4,7
984,Stand/Stand_20_8.mp4,7
985,Stand/Stand_20_9.mp4,7
986,Stand/Stand_21_1.mp4,7
987,Stand/Stand_21_10.mp4,7
988,Stand/Stand_21_11.mp4,7
989,Stand/Stand_21_12.mp4,7
990,Stand/Stand_21_13.mp4,7
991,Stand/Stand_21_14.mp4,7
992,Stand/Stand_21_15.mp4,7
993,Stand/Stand_21_2.mp4,7
994,Stand/Stand_21_3.mp4,7
995,Stand/Stand_21_4.mp4,7
996,Stand/Stand_21_5.mp4,7
997,Stand/Stand_21_6.mp4,7
998,Stand/Stand_21_7.mp4,7
999,Stand/Stand_21_8.mp4,7
1000,Stand/Stand_21_9.mp4,7
1001,Stand/Stand_3_1.mp4,7
1002,Stand/Stand_3_10.mp4,7
1003,Stand/Stand_3_11.mp4,7
1004,Stand/Stand_3_12.mp4,7
1005,Stand/Stand_3_2.mp4,7
1006,Stand/Stand_3_3.mp4,7
1007,Stand/Stand_3_4.mp4,7
1008,Stand/Stand_3_5.mp4,7
1009,Stand/Stand_3_6.mp4,7
1010,Stand/Stand_3_7.mp4,7
1011,Stand/Stand_3_8.mp4,7
1012,Stand/Stand_3_9.mp4,7
1013,Stand/Stand_4_1.mp4,7
1014,Stand/Stand_4_10.mp4,7
1015,Stand/Stand_4_11.mp4,7
1016,Stand/Stand_4_12.mp4,7
1017,Stand/Stand_4_13.mp4,7
1018,Stand/Stand_4_14.mp4,7
1019,Stand/Stand_4_15.mp4,7
1020,Stand/Stand_4_16.mp4,7
1021,Stand/Stand_4_17.mp4,7
1022,Stand/Stand_4_2.mp4,7
1023,Stand/Stand_4_3.mp4,7
1024,Stand/Stand_4_4.mp4,7
1025,Stand/Stand_4_5.mp4,7
1026,Stand/Stand_4_6.mp4,7
1027,Stand/Stand_4_7.mp4,7
1028,Stand/Stand_4_8.mp4,7
1029,Stand/Stand_4_9.mp4,7
1030,Stand/Stand_5_1.mp4,7
1031,Stand/Stand_5_10.mp4,7
1032,Stand/Stand_5_11.mp4,7
1033,Stand/Stand_5_12.mp4,7
1034,Stand/Stand_5_2.mp4,7
1035,Stand/Stand_5_3.mp4,7
1036,Stand/Stand_5_4.mp4,7
1037,Stand/Stand_5_5.mp4,7
1038,Stand/Stand_5_6.mp4,7
1039,Stand/Stand_5_7.mp4,7
1040,Stand/Stand_5_8.mp4,7
1041,Stand/Stand_5_9.mp4,7
1042,Stand/Stand_6_1.mp4,7
1043,Stand/Stand_6_10.mp4,7
1044,Stand/Stand_6_2.mp4,7
1045,Stand/Stand_6_3.mp4,7
1046,Stand/Stand_6_4.mp4,7
1047,Stand/Stand_6_5.mp4,7
1048,Stand/Stand_6_6.mp4,7
1049,Stand/Stand_6_7.mp4,7
1050,Stand/Stand_6_8.mp4,7
1051,Stand/Stand_6_9.mp4,7
1052,Stand/Stand_7_1.mp4,7
1053,Stand/Stand_7_10.mp4,7
1054,Stand/Stand_7_2.mp4,7
1055,Stand/Stand_7_3.mp4,7
1056,Stand/Stand_7_4.mp4,7
1057,Stand/Stand_7_5.mp4,7
1058,Stand/Stand_7_6.mp4,7
1059,Stand/Stand_7_7.mp4,7
1060,Stand/Stand_7_8.mp4,7
1061,Stand/Stand_7_9.mp4,7
1062,Stand/Stand_8_1.mp4,7
1063,Stand/Stand_8_11.mp4,7
1064,Stand/Stand_8_12.mp4,7
1065,Stand/Stand_8_13.mp4,7
1066,Stand/Stand_8_16.mp4,7
1067,Stand/Stand_8_17.mp4,7
1068,Stand/Stand_8_18.mp4,7
1069,Stand/Stand_8_19.mp4,7
1070,Stand/Stand_8_2.mp4,7
1071,Stand/Stand_8_20.mp4,7
1072,Stand/Stand_8_22.mp4,7
1073,Stand/Stand_8_23.mp4,7
1074,Stand/Stand_8_3.mp4,7
1075,Stand/Stand_8_5.mp4,7
1076,Stand/Stand_8_6.mp4,7
1077,Stand/Stand_8_7.mp4,7
1078,Stand/Stand_8_8.mp4,7
1079,Stand/Stand_8_9.mp4,7
1080,Stand/Stand_9_1.mp4,7
1081,Stand/Stand_9_10.mp4,7
1082,Stand/Stand_9_11.mp4,7
1083,Stand/Stand_9_12.mp4,7
1084,Stand/Stand_9_13.mp4,7
1085,Stand/Stand_9_14.mp4,7
1086,Stand/Stand_9_15.mp4,7
1087,Stand/Stand_9_2.mp4,7
1088,Stand/Stand_9_3.mp4,7
1089,Stand/Stand_9_4.mp4,7
1090,Stand/Stand_9_5.mp4,7
1091,Stand/Stand_9_6.mp4,7
1092,Stand/Stand_9_7.mp4,7
1093,Stand/Stand_9_8.mp4,7
1094,Stand/Stand_9_9.mp4,7
1095,Turn/Turn_10_1.mp4,8
1096,Turn/Turn_10_10.mp4,8
1097,Turn/Turn_10_11.mp4,8
1098,Turn/Turn_10_12.mp4,8
1099,Turn/Turn_10_13.mp4,8
1100,Turn/Turn_10_14.mp4,8
1101,Turn/Turn_10_15.mp4,8
1102,Turn/Turn_10_16.mp4,8
1103,Turn/Turn_10_17.mp4,8
1104,Turn/Turn_10_18.mp4,8
1105,Turn/Turn_10_19.mp4,8
1106,Turn/Turn_10_2.mp4,8
1107,Turn/Turn_10_20.mp4,8
1108,Turn/Turn_10_21.mp4,8
1109,Turn/Turn_10_23.mp4,8
1110,Turn/Turn_10_24.mp4,8
1111,Turn/Turn_10_25.mp4,8
1112,Turn/Turn_10_26.mp4,8
1113,Turn/Turn_10_27.mp4,8
1114,Turn/Turn_10_28.mp4,8
1115,Turn/Turn_10_3.mp4,8
1116,Turn/Turn_10_30.mp4,8
1117,Turn/Turn_10_31.mp4,8
1118,Turn/Turn_10_32.mp4,8
1119,Turn/Turn_10_33.mp4,8
1120,Turn/Turn_10_34.mp4,8
1121,Turn/Turn_10_35.mp4,8
1122,Turn/Turn_10_4.mp4,8
1123,Turn/Turn_10_5.mp4,8
1124,Turn/Turn_10_6.mp4,8
1125,Turn/Turn_10_7.mp4,8
1126,Turn/Turn_10_8.mp4,8
1127,Turn/Turn_11_1.mp4,8
1128,Turn/Turn_11_10.mp4,8
1129,Turn/Turn_11_11.mp4,8
1130,Turn/Turn_11_12.mp4,8
1131,Turn/Turn_11_14.mp4,8
1132,Turn/Turn_11_15.mp4,8
1133,Turn/Turn_11_16.mp4,8
1134,Turn/Turn_11_17.mp4,8
1135,Turn/Turn_11_18.mp4,8
1136,Turn/Turn_11_19.mp4,8
1137,Turn/Turn_11_20.mp4,8
1138,Turn/Turn_11_21.mp4,8
1139,Turn/Turn_11_22.mp4,8
1140,Turn/Turn_11_23.mp4,8
1141,Turn/Turn_11_24.mp4,8
1142,Turn/Turn_11_25.mp4,8
1143,Turn/Turn_11_26.mp4,8
1144,Turn/Turn_11_27.mp4,8
1145,Turn/Turn_11_28.mp4,8
1146,Turn/Turn_11_29.mp4,8
1147,Turn/Turn_11_3.mp4,8
1148,Turn/Turn_11_30.mp4,8
1149,Turn/Turn_11_31.mp4,8
1150,Turn/Turn_11_33.mp4,8
1151,Turn/Turn_11_34.mp4,8
1152,Turn/Turn_11_35.mp4,8
1153,Turn/Turn_11_36.mp4,8
1154,Turn/Turn_11_5.mp4,8
1155,Turn/Turn_11_6.mp4,8
1156,Turn/Turn_11_7.mp4,8
1157,Turn/Turn_11_8.mp4,8
1158,Turn/Turn_11_9.mp4,8
1159,Turn/Turn_12_1.mp4,8
1160,Turn/Turn_12_10.mp4,8
1161,Turn/Turn_12_11.mp4,8
1162,Turn/Turn_12_13.mp4,8
1163,Turn/Turn_12_14.mp4,8
1164,Turn/Turn_12_15.mp4,8
1165,Turn/Turn_12_16.mp4,8
1166,Turn/Turn_12_18.mp4,8
1167,Turn/Turn_12_19.mp4,8
1168,Turn/Turn_12_2.mp4,8
1169,Turn/Turn_12_20.mp4,8
1170,Turn/Turn_12_21.mp4,8
1171,Turn/Turn_12_23.mp4,8
1172,Turn/Turn_12_24.mp4,8
1173,Turn/Turn_12_25.mp4,8
1174,Turn/Turn_12_26.mp4,8
1175,Turn/Turn_12_28.mp4,8
1176,Turn/Turn_12_29.mp4,8
1177,Turn/Turn_12_3.mp4,8
1178,Turn/Turn_12_31.mp4,8
1179,Turn/Turn_12_32.mp4,8
1180,Turn/Turn_12_33.mp4,8
1181,Turn/Turn_12_34.mp4,8
1182,Turn/Turn_12_35.mp4,8
1183,Turn/Turn_12_36.mp4,8
1184,Turn/Turn_12_37.mp4,8
1185,Turn/Turn_12_38.mp4,8
1186,Turn/Turn_12_39.mp4,8
1187,Turn/Turn_12_5.mp4,8
1188,Turn/Turn_12_6.mp4,8
1189,Turn/Turn_12_7.mp4,8
1190,Turn/Turn_12_8.mp4,8
1191,Turn/Turn_14_1.mp4,8
1192,Turn/Turn_14_10.mp4,8
1193,Turn/Turn_14_11.mp4,8
1194,Turn/Turn_14_12.mp4,8
1195,Turn/Turn_14_13.mp4,8
1196,Turn/Turn_14_14.mp4,8
1197,Turn/Turn_14_15.mp4,8
1198,Turn/Turn_14_16.mp4,8
1199,Turn/Turn_14_17.mp4,8
1200,Turn/Turn_14_18.mp4,8
1201,Turn/Turn_14_19.mp4,8
1202,Turn/Turn_14_2.mp4,8
1203,Turn/Turn_14_20.mp4,8
1204,Turn/Turn_14_21.mp4,8
1205,Turn/Turn_14_22.mp4,8
1206,Turn/Turn_14_23.mp4,8
1207,Turn/Turn_14_24.mp4,8
1208,Turn/Turn_14_25.mp4,8
1209,Turn/Turn_14_26.mp4,8
1210,Turn/Turn_14_27.mp4,8
1211,Turn/Turn_14_28.mp4,8
1212,Turn/Turn_14_29.mp4,8
1213,Turn/Turn_14_3.mp4,8
1214,Turn/Turn_14_30.mp4,8
1215,Turn/Turn_14_31.mp4,8
1216,Turn/Turn_14_4.mp4,8
1217,Turn/Turn_14_5.mp4,8
1218,Turn/Turn_14_6.mp4,8
1219,Turn/Turn_14_7.mp4,8
1220,Turn/Turn_14_8.mp4,8
1221,Turn/Turn_14_9.mp4,8
1222,Turn/Turn_16_1.mp4,8
1223,Turn/Turn_16_10.mp4,8
1224,Turn/Turn_16_11.mp4,8
1225,Turn/Turn_16_12.mp4,8
1226,Turn/Turn_16_13.mp4,8
1227,Turn/Turn_16_14.mp4,8
1228,Turn/Turn_16_15.mp4,8
1229,Turn/Turn_16_16.mp4,8
1230,Turn/Turn_16_17.mp4,8
1231,Turn/Turn_16_18.mp4,8
1232,Turn/Turn_16_19.mp4,8
1233,Turn/Turn_16_20.mp4,8
1234,Turn/Turn_16_21.mp4,8
1235,Turn/Turn_16_22.mp4,8
1236,Turn/Turn_16_23.mp4,8
1237,Turn/Turn_16_24.mp4,8
1238,Turn/Turn_16_25.mp4,8
1239,Turn/Turn_16_26.mp4,8
1240,Turn/Turn_16_27.mp4,8
1241,Turn/Turn_16_28.mp4,8
1242,Turn/Turn_16_29.mp4,8
1243,Turn/Turn_16_3.mp4,8
1244,Turn/Turn_16_30.mp4,8
1245,Turn/Turn_16_31.mp4,8
1246,Turn/Turn_16_32.mp4,8
1247,Turn/Turn_16_33.mp4,8
1248,Turn/Turn_16_4.mp4,8
1249,Turn/Turn_16_5.mp4,8
1250,Turn/Turn_16_6.mp4,8
1251,Turn/Turn_16_7.mp4,8
1252,Turn/Turn_16_8.mp4,8
1253,Turn/Turn_16_9.mp4,8
1254,Turn/Turn_17_1.mp4,8
1255,Turn/Turn_17_10.mp4,8
1256,Turn/Turn_17_11.mp4,8
1257,Turn/Turn_17_12.mp4,8
1258,Turn/Turn_17_13.mp4,8
1259,Turn/Turn_17_14.mp4,8
1260,Turn/Turn_17_15.mp4,8
1261,Turn/Turn_17_16.mp4,8
1262,Turn/Turn_17_17.mp4,8
1263,Turn/Turn_17_18.mp4,8
1264,Turn/Turn_17_19.mp4,8
1265,Turn/Turn_17_2.mp4,8
1266,Turn/Turn_17_20.mp4,8
1267,Turn/Turn_17_21.mp4,8
1268,Turn/Turn_17_22.mp4,8
1269,Turn/Turn_17_23.mp4,8
1270,Turn/Turn_17_24.mp4,8
1271,Turn/Turn_17_25.mp4,8
1272,Turn/Turn_17_26.mp4,8
1273,Turn/Turn_17_27.mp4,8
1274,Turn/Turn_17_28.mp4,8
1275,Turn/Turn_17_29.mp4,8
1276,Turn/Turn_17_3.mp4,8
1277,Turn/Turn_17_30.mp4,8
1278,Turn/Turn_17_4.mp4,8
1279,Turn/Turn_17_5.mp4,8
1280,Turn/Turn_17_6.mp4,8
1281,Turn/Turn_17_7.mp4,8
1282,Turn/Turn_17_8.mp4,8
1283,Turn/Turn_17_9.mp4,8
1284,Turn/Turn_18_1.mp4,8
1285,Turn/Turn_18_10.mp4,8
1286,Turn/Turn_18_11.mp4,8
1287,Turn/Turn_18_12.mp4,8
1288,Turn/Turn_18_13.mp4,8
1289,Turn/Turn_18_14.mp4,8
1290,Turn/Turn_18_15.mp4,8
1291,Turn/Turn_18_16.mp4,8
1292,Turn/Turn_18_17.mp4,8
1293,Turn/Turn_18_18.mp4,8
1294,Turn/Turn_18_19.mp4,8
1295,Turn/Turn_18_2.mp4,8
1296,Turn/Turn_18_20.mp4,8
1297,Turn/Turn_18_3.mp4,8
1298,Turn/Turn_18_4.mp4,8
1299,Turn/Turn_18_5.mp4,8
1300,Turn/Turn_18_6.mp4,8
1301,Turn/Turn_18_7.mp4,8
1302,Turn/Turn_18_8.mp4,8
1303,Turn/Turn_18_9.mp4,8
1304,Turn/Turn_19_1.mp4,8
1305,Turn/Turn_19_10.mp4,8
1306,Turn/Turn_19_11.mp4,8
1307,Turn/Turn_19_12.mp4,8
1308,Turn/Turn_19_13.mp4,8
1309,Turn/Turn_19_14.mp4,8
1310,Turn/Turn_19_15.mp4,8
1311,Turn/Turn_19_16.mp4,8
1312,Turn/Turn_19_17.mp4,8
1313,Turn/Turn_19_18.mp4,8
1314,Turn/Turn_19_19.mp4,8
1315,Turn/Turn_19_2.mp4,8
1316,Turn/Turn_19_20.mp4,8
1317,Turn/Turn_19_21.mp4,8
1318,Turn/Turn_19_22.mp4,8
1319,Turn/Turn_19_23.mp4,8
1320,Turn/Turn_19_24.mp4,8
1321,Turn/Turn_19_25.mp4,8
1322,Turn/Turn_19_26.mp4,8
1323,Turn/Turn_19_27.mp4,8
1324,Turn/Turn_19_28.mp4,8
1325,Turn/Turn_19_29.mp4,8
1326,Turn/Turn_19_3.mp4,8
1327,Turn/Turn_19_30.mp4,8
1328,Turn/Turn_19_31.mp4,8
1329,Turn/Turn_19_32.mp4,8
1330,Turn/Turn_19_4.mp4,8
1331,Turn/Turn_19_5.mp4,8
1332,Turn/Turn_19_6.mp4,8
1333,Turn/Turn_19_7.mp4,8
1334,Turn/Turn_19_8.mp4,8
1335,Turn/Turn_19_9.mp4,8
1336,Turn/Turn_3_11.mp4,8
1337,Turn/Turn_3_13.mp4,8
1338,Turn/Turn_3_14.mp4,8
1339,Turn/Turn_3_15.mp4,8
1340,Turn/Turn_3_16.mp4,8
1341,Turn/Turn_3_17.mp4,8
1342,Turn/Turn_3_18.mp4,8
1343,Turn/Turn_3_19.mp4,8
1344,Turn/Turn_3_2.mp4,8
1345,Turn/Turn_3_20.mp4,8
1346,Turn/Turn_3_21.mp4,8
1347,Turn/Turn_3_22.mp4,8
1348,Turn/Turn_3_23.mp4,8
1349,Turn/Turn_3_28.mp4,8
1350,Turn/Turn_3_29.mp4,8
1351,Turn/Turn_3_3.mp4,8
1352,Turn/Turn_3_30.mp4,8
1353,Turn/Turn_3_32.mp4,8
1354,Turn/Turn_3_33.mp4,8
1355,Turn/Turn_3_34.mp4,8
1356,Turn/Turn_3_35.mp4,8
1357,Turn/Turn_3_36.mp4,8
1358,Turn/Turn_3_37.mp4,8
1359,Turn/Turn_3_38.mp4,8
1360,Turn/Turn_3_39.mp4,8
1361,Turn/Turn_3_4.mp4,8
1362,Turn/Turn_3_41.mp4,8
1363,Turn/Turn_3_42.mp4,8
1364,Turn/Turn_3_5.mp4,8
1365,Turn/Turn_3_7.mp4,8
1366,Turn/Turn_3_8.mp4,8
1367,Turn/Turn_3_9.mp4,8
1368,Turn/Turn_4_1.mp4,8
1369,Turn/Turn_4_10.mp4,8
1370,Turn/Turn_4_11.mp4,8
1371,Turn/Turn_4_12.mp4,8
1372,Turn/Turn_4_13.mp4,8
1373,Turn/Turn_4_14.mp4,8
1374,Turn/Turn_4_15.mp4,8
1375,Turn/Turn_4_16.mp4,8
1376,Turn/Turn_4_17.mp4,8
1377,Turn/Turn_4_18.mp4,8
1378,Turn/Turn_4_19.mp4,8
1379,Turn/Turn_4_2.mp4,8
1380,Turn/Turn_4_20.mp4,8
1381,Turn/Turn_4_21.mp4,8
1382,Turn/Turn_4_22.mp4,8
1383,Turn/Turn_4_23.mp4,8
1384,Turn/Turn_4_24.mp4,8
1385,Turn/Turn_4_25.mp4,8
1386,Turn/Turn_4_26.mp4,8
1387,Turn/Turn_4_27.mp4,8
1388,Turn/Turn_4_28.mp4,8
1389,Turn/Turn_4_29.mp4,8
1390,Turn/Turn_4_3.mp4,8
1391,Turn/Turn_4_4.mp4,8
1392,Turn/Turn_4_5.mp4,8
1393,Turn/Turn_4_6.mp4,8
1394,Turn/Turn_4_7.mp4,8
1395,Turn/Turn_4_8.mp4,8
1396,Turn/Turn_4_9.mp4,8
1397,Turn/Turn_5_1.mp4,8
1398,Turn/Turn_5_10.mp4,8
1399,Turn/Turn_5_11.mp4,8
1400,Turn/Turn_5_12.mp4,8
1401,Turn/Turn_5_13.mp4,8
1402,Turn/Turn_5_14.mp4,8
1403,Turn/Turn_5_15.mp4,8
1404,Turn/Turn_5_16.mp4,8
1405,Turn/Turn_5_17.mp4,8
1406,Turn/Turn_5_2.mp4,8
1407,Turn/Turn_5_3.mp4,8
1408,Turn/Turn_5_4.mp4,8
1409,Turn/Turn_5_5.mp4,8
1410,Turn/Turn_5_6.mp4,8
1411,Turn/Turn_5_7.mp4,8
1412,Turn/Turn_5_8.mp4,8
1413,Turn/Turn_5_9.mp4,8
1414,Turn/Turn_7_10.mp4,8
1415,Turn/Turn_7_11.mp4,8
1416,Turn/Turn_7_12.mp4,8
1417,Turn/Turn_7_13.mp4,8
1418,Turn/Turn_7_14.mp4,8
1419,Turn/Turn_7_15.mp4,8
1420,Turn/Turn_7_16.mp4,8
1421,Turn/Turn_7_17.mp4,8
1422,Turn/Turn_7_18.mp4,8
1423,Turn/Turn_7_19.mp4,8
1424,Turn/Turn_7_2.mp4,8
1425,Turn/Turn_7_21.mp4,8
1426,Turn/Turn_7_22.mp4,8
1427,Turn/Turn_7_24.mp4,8
1428,Turn/Turn_7_25.mp4,8
1429,Turn/Turn_7_26.mp4,8
1430,Turn/Turn_7_27.mp4,8
1431,Turn/Turn_7_29.mp4,8
1432,Turn/Turn_7_31.mp4,8
1433,Turn/Turn_7_32.mp4,8
1434,Turn/Turn_7_33.mp4,8
1435,Turn/Turn_7_34.mp4,8
1436,Turn/Turn_7_35.mp4,8
1437,Turn/Turn_7_36.mp4,8
1438,Turn/Turn_7_37.mp4,8
1439,Turn/Turn_7_38.mp4,8
1440,Turn/Turn_7_4.mp4,8
1441,Turn/Turn_7_5.mp4,8
1442,Turn/Turn_7_6.mp4,8
1443,Turn/Turn_7_7.mp4,8
1444,Turn/Turn_7_8.mp4,8
1445,Turn/Turn_7_9.mp4,8
1446,Turn/Turn_8_1.mp4,8
1447,Turn/Turn_8_10.mp4,8
1448,Turn/Turn_8_11.mp4,8
1449,Turn/Turn_8_12.mp4,8
1450,Turn/Turn_8_13.mp4,8
1451,Turn/Turn_8_14.mp4,8
1452,Turn/Turn_8_15.mp4,8
1453,Turn/Turn_8_16.mp4,8
1454,Turn/Turn_8_17.mp4,8
1455,Turn/Turn_8_18.mp4,8
1456,Turn/Turn_8_19.mp4,8
1457,Turn/Turn_8_2.mp4,8
1458,Turn/Turn_8_20.mp4,8
1459,Turn/Turn_8_21.mp4,8
1460,Turn/Turn_8_22.mp4,8
1461,Turn/Turn_8_23.mp4,8
1462,Turn/Turn_8_24.mp4,8
1463,Turn/Turn_8_25.mp4,8
1464,Turn/Turn_8_26.mp4,8
1465,Turn/Turn_8_27.mp4,8
1466,Turn/Turn_8_28.mp4,8
1467,Turn/Turn_8_29.mp4,8
1468,Turn/Turn_8_3.mp4,8
1469,Turn/Turn_8_30.mp4,8
1470,Turn/Turn_8_31.mp4,8
1471,Turn/Turn_8_4.mp4,8
1472,Turn/Turn_8_5.mp4,8
1473,Turn/Turn_8_6.mp4,8
1474,Turn/Turn_8_7.mp4,8
1475,Turn/Turn_8_8.mp4,8
1476,Turn/Turn_8_9.mp4,8
1477,Turn/Turn_9_1.mp4,8
1478,Turn/Turn_9_2.mp4,8
1479,Turn/Turn_9_3.mp4,8
1480,Turn/Turn_9_4.mp4,8
1481,Turn/Turn_9_5.mp4,8
1482,Turn/Turn_9_6.mp4,8
1483,Turn/Turn_9_7.mp4,8
1484,Walk/Walk_10_1.mp4,9
1485,Walk/Walk_10_10.mp4,9
1486,Walk/Walk_10_11.mp4,9
1487,Walk/Walk_10_12.mp4,9
1488,Walk/Walk_10_13.mp4,9
1489,Walk/Walk_10_2.mp4,9
1490,Walk/Walk_10_3.mp4,9
1491,Walk/Walk_10_4.mp4,9
1492,Walk/Walk_10_5.mp4,9
1493,Walk/Walk_10_6.mp4,9
1494,Walk/Walk_10_7.mp4,9
1495,Walk/Walk_10_8.mp4,9
1496,Walk/Walk_10_9.mp4,9
1497,Walk/Walk_11_1.mp4,9
1498,Walk/Walk_11_10.mp4,9
1499,Walk/Walk_11_11.mp4,9
1500,Walk/Walk_11_13.mp4,9
1501,Walk/Walk_11_14.mp4,9
1502,Walk/Walk_11_15.mp4,9
1503,Walk/Walk_11_16.mp4,9
1504,Walk/Walk_11_17.mp4,9
1505,Walk/Walk_11_18.mp4,9
1506,Walk/Walk_11_19.mp4,9
1507,Walk/Walk_11_2.mp4,9
1508,Walk/Walk_11_20.mp4,9
1509,Walk/Walk_11_22.mp4,9
1510,Walk/Walk_11_25.mp4,9
1511,Walk/Walk_11_27.mp4,9
1512,Walk/Walk_11_29.mp4,9
1513,Walk/Walk_11_3.mp4,9
1514,Walk/Walk_11_30.mp4,9
1515,Walk/Walk_11_31.mp4,9
1516,Walk/Walk_11_32.mp4,9
1517,Walk/Walk_11_33.mp4,9
1518,Walk/Walk_11_34.mp4,9
1519,Walk/Walk_11_36.mp4,9
1520,Walk/Walk_11_4.mp4,9
1521,Walk/Walk_11_5.mp4,9
1522,Walk/Walk_11_6.mp4,9
1523,Walk/Walk_11_8.mp4,9
1524,Walk/Walk_11_9.mp4,9
1525,Walk/Walk_12_10.mp4,9
1526,Walk/Walk_12_11.mp4,9
1527,Walk/Walk_12_12.mp4,9
1528,Walk/Walk_12_13.mp4,9
1529,Walk/Walk_12_14.mp4,9
1530,Walk/Walk_12_16.mp4,9
1531,Walk/Walk_12_17.mp4,9
1532,Walk/Walk_12_18.mp4,9
1533,Walk/Walk_12_20.mp4,9
1534,Walk/Walk_12_21.mp4,9
1535,Walk/Walk_12_22.mp4,9
1536,Walk/Walk_12_23.mp4,9
1537,Walk/Walk_12_26.mp4,9
1538,Walk/Walk_12_28.mp4,9
1539,Walk/Walk_12_29.mp4,9
1540,Walk/Walk_12_3.mp4,9
1541,Walk/Walk_12_30.mp4,9
1542,Walk/Walk_12_31.mp4,9
1543,Walk/Walk_12_32.mp4,9
1544,Walk/Walk_12_33.mp4,9
1545,Walk/Walk_12_34.mp4,9
1546,Walk/Walk_12_35.mp4,9
1547,Walk/Walk_12_4.mp4,9
1548,Walk/Walk_12_5.mp4,9
1549,Walk/Walk_12_6.mp4,9
1550,Walk/Walk_12_7.mp4,9
1551,Walk/Walk_12_8.mp4,9
1552,Walk/Walk_12_9.mp4,9
1553,Walk/Walk_14_1.mp4,9
1554,Walk/Walk_14_10.mp4,9
1555,Walk/Walk_14_11.mp4,9
1556,Walk/Walk_14_12.mp4,9
1557,Walk/Walk_14_13.mp4,9
1558,Walk/Walk_14_14.mp4,9
1559,Walk/Walk_14_16.mp4,9
1560,Walk/Walk_14_17.mp4,9
1561,Walk/Walk_14_18.mp4,9
1562,Walk/Walk_14_19.mp4,9
1563,Walk/Walk_14_2.mp4,9
1564,Walk/Walk_14_20.mp4,9
1565,Walk/Walk_14_21.mp4,9
1566,Walk/Walk_14_22.mp4,9
1567,Walk/Walk_14_23.mp4,9
1568,Walk/Walk_14_24.mp4,9
1569,Walk/Walk_14_25.mp4,9
1570,Walk/Walk_14_26.mp4,9
1571,Walk/Walk_14_27.mp4,9
1572,Walk/Walk_14_28.mp4,9
1573,Walk/Walk_14_3.mp4,9
1574,Walk/Walk_14_30.mp4,9
1575,Walk/Walk_14_31.mp4,9
1576,Walk/Walk_14_4.mp4,9
1577,Walk/Walk_14_5.mp4,9
1578,Walk/Walk_14_7.mp4,9
1579,Walk/Walk_14_8.mp4,9
1580,Walk/Walk_14_9.mp4,9
1581,Walk/Walk_15_1.mp4,9
1582,Walk/Walk_15_10.mp4,9
1583,Walk/Walk_15_11.mp4,9
1584,Walk/Walk_15_12.mp4,9
1585,Walk/Walk_15_13.mp4,9
1586,Walk/Walk_15_14.mp4,9
1587,Walk/Walk_15_15.mp4,9
1588,Walk/Walk_15_16.mp4,9
1589,Walk/Walk_15_17.mp4,9
1590,Walk/Walk_15_18.mp4,9
1591,Walk/Walk_15_19.mp4,9
1592,Walk/Walk_15_2.mp4,9
1593,Walk/Walk_15_20.mp4,9
1594,Walk/Walk_15_21.mp4,9
1595,Walk/Walk_15_22.mp4,9
1596,Walk/Walk_15_23.mp4,9
1597,Walk/Walk_15_24.mp4,9
1598,Walk/Walk_15_25.mp4,9
1599,Walk/Walk_15_27.mp4,9
1600,Walk/Walk_15_28.mp4,9
1601,Walk/Walk_15_29.mp4,9
1602,Walk/Walk_15_3.mp4,9
1603,Walk/Walk_15_4.mp4,9
1604,Walk/Walk_15_5.mp4,9
1605,Walk/Walk_15_6.mp4,9
1606,Walk/Walk_15_7.mp4,9
1607,Walk/Walk_15_8.mp4,9
1608,Walk/Walk_15_9.mp4,9
1609,Walk/Walk_16_1.mp4,9
1610,Walk/Walk_16_10.mp4,9
1611,Walk/Walk_16_11.mp4,9
1612,Walk/Walk_16_12.mp4,9
1613,Walk/Walk_16_13.mp4,9
1614,Walk/Walk_16_14.mp4,9
1615,Walk/Walk_16_15.mp4,9
1616,Walk/Walk_16_16.mp4,9
1617,Walk/Walk_16_17.mp4,9
1618,Walk/Walk_16_18.mp4,9
1619,Walk/Walk_16_19.mp4,9
1620,Walk/Walk_16_2.mp4,9
1621,Walk/Walk_16_20.mp4,9
1622,Walk/Walk_16_21.mp4,9
1623,Walk/Walk_16_22.mp4,9
1624,Walk/Walk_16_23.mp4,9
1625,Walk/Walk_16_24.mp4,9
1626,Walk/Walk_16_3.mp4,9
1627,Walk/Walk_16_4.mp4,9
1628,Walk/Walk_16_5.mp4,9
1629,Walk/Walk_16_6.mp4,9
1630,Walk/Walk_16_7.mp4,9
1631,Walk/Walk_16_8.mp4,9
1632,Walk/Walk_16_9.mp4,9
1633,Walk/Walk_17_1.mp4,9
1634,Walk/Walk_17_10.mp4,9
1635,Walk/Walk_17_11.mp4,9
1636,Walk/Walk_17_12.mp4,9
1637,Walk/Walk_17_13.mp4,9
1638,Walk/Walk_17_14.mp4,9
1639,Walk/Walk_17_15.mp4,9
1640,Walk/Walk_17_16.mp4,9
1641,Walk/Walk_17_17.mp4,9
1642,Walk/Walk_17_18.mp4,9
1643,Walk/Walk_17_19.mp4,9
1644,Walk/Walk_17_2.mp4,9
1645,Walk/Walk_17_20.mp4,9
1646,Walk/Walk_17_21.mp4,9
1647,Walk/Walk_17_22.mp4,9
1648,Walk/Walk_17_23.mp4,9
1649,Walk/Walk_17_24.mp4,9
1650,Walk/Walk_17_3.mp4,9
1651,Walk/Walk_17_4.mp4,9
1652,Walk/Walk_17_5.mp4,9
1653,Walk/Walk_17_6.mp4,9
1654,Walk/Walk_17_7.mp4,9
1655,Walk/Walk_17_8.mp4,9
1656,Walk/Walk_17_9.mp4,9
1657,Walk/Walk_18_1.mp4,9
1658,Walk/Walk_18_10.mp4,9
1659,Walk/Walk_18_11.mp4,9
1660,Walk/Walk_18_12.mp4,9
1661,Walk/Walk_18_13.mp4,9
1662,Walk/Walk_18_14.mp4,9
1663,Walk/Walk_18_15.mp4,9
1664,Walk/Walk_18_16.mp4,9
1665,Walk/Walk_18_17.mp4,9
1666,Walk/Walk_18_18.mp4,9
1667,Walk/Walk_18_19.mp4,9
1668,Walk/Walk_18_2.mp4,9
1669,Walk/Walk_18_20.mp4,9
1670,Walk/Walk_18_21.mp4,9
1671,Walk/Walk_18_22.mp4,9
1672,Walk/Walk_18_3.mp4,9
1673,Walk/Walk_18_4.mp4,9
1674,Walk/Walk_18_5.mp4,9
1675,Walk/Walk_18_6.mp4,9
1676,Walk/Walk_18_7.mp4,9
1677,Walk/Walk_18_8.mp4,9
1678,Walk/Walk_18_9.mp4,9
1679,Walk/Walk_20_1.mp4,9
1680,Walk/Walk_20_10.mp4,9
1681,Walk/Walk_20_11.mp4,9
1682,Walk/Walk_20_12.mp4,9
1683,Walk/Walk_20_13.mp4,9
1684,Walk/Walk_20_14.mp4,9
1685,Walk/Walk_20_15.mp4,9
1686,Walk/Walk_20_16.mp4,9
1687,Walk/Walk_20_17.mp4,9
1688,Walk/Walk_20_18.mp4,9
1689,Walk/Walk_20_19.mp4,9
1690,Walk/Walk_20_2.mp4,9
1691,Walk/Walk_20_3.mp4,9
1692,Walk/Walk_20_4.mp4,9
1693,Walk/Walk_20_5.mp4,9
1694,Walk/Walk_20_6.mp4,9
1695,Walk/Walk_20_7.mp4,9
1696,Walk/Walk_20_8.mp4,9
1697,Walk/Walk_20_9.mp4,9
1698,Walk/Walk_2_1.mp4,9
1699,Walk/Walk_2_10.mp4,9
1700,Walk/Walk_2_11.mp4,9
1701,Walk/Walk_2_12.mp4,9
1702,Walk/Walk_2_13.mp4,9
1703,Walk/Walk_2_14.mp4,9
1704,Walk/Walk_2_15.mp4,9
1705,Walk/Walk_2_2.mp4,9
1706,Walk/Walk_2_3.mp4,9
1707,Walk/Walk_2_4.mp4,9
1708,Walk/Walk_2_5.mp4,9
1709,Walk/Walk_2_6.mp4,9
1710,Walk/Walk_2_7.mp4,9
1711,Walk/Walk_2_8.mp4,9
1712,Walk/Walk_2_9.mp4,9
1713,Walk/Walk_4_10.mp4,9
1714,Walk/Walk_4_11.mp4,9
1715,Walk/Walk_4_14.mp4,9
1716,Walk/Walk_4_15.mp4,9
1717,Walk/Walk_4_18.mp4,9
1718,Walk/Walk_4_19.mp4,9
1719,Walk/Walk_4_20.mp4,9
1720,Walk/Walk_4_21.mp4,9
1721,Walk/Walk_4_24.mp4,9
1722,Walk/Walk_4_25.mp4,9
1723,Walk/Walk_4_26.mp4,9
1724,Walk/Walk_4_28.mp4,9
1725,Walk/Walk_4_29.mp4,9
1726,Walk/Walk_4_3.mp4,9
1727,Walk/Walk_4_34.mp4,9
1728,Walk/Walk_4_36.mp4,9
1729,Walk/Walk_4_37.mp4,9
1730,Walk/Walk_4_39.mp4,9
1731,Walk/Walk_4_40.mp4,9
1732,Walk/Walk_4_48.mp4,9
1733,Walk/Walk_4_53.mp4,9
1734,Walk/Walk_4_54.mp4,9
1735,Walk/Walk_4_56.mp4,9
1736,Walk/Walk_4_57.mp4,9
1737,Walk/Walk_4_60.mp4,9
1738,Walk/Walk_4_7.mp4,9
1739,Walk/Walk_4_8.mp4,9
1740,Walk/Walk_4_9.mp4,9
1741,Walk/Walk_6_1.mp4,9
1742,Walk/Walk_6_11.mp4,9
1743,Walk/Walk_6_12.mp4,9
1744,Walk/Walk_6_13.mp4,9
1745,Walk/Walk_6_14.mp4,9
1746,Walk/Walk_6_15.mp4,9
1747,Walk/Walk_6_18.mp4,9
1748,Walk/Walk_6_19.mp4,9
1749,Walk/Walk_6_2.mp4,9
1750,Walk/Walk_6_20.mp4,9
1751,Walk/Walk_6_21.mp4,9
1752,Walk/Walk_6_24.mp4,9
1753,Walk/Walk_6_25.mp4,9
1754,Walk/Walk_6_26.mp4,9
1755,Walk/Walk_6_30.mp4,9
1756,Walk/Walk_6_31.mp4,9
1757,Walk/Walk_6_32.mp4,9
1758,Walk/Walk_6_33.mp4,9
1759,Walk/Walk_6_34.mp4,9
1760,Walk/Walk_6_36.mp4,9
1761,Walk/Walk_6_37.mp4,9
1762,Walk/Walk_6_39.mp4,9
1763,Walk/Walk_6_4.mp4,9
1764,Walk/Walk_6_41.mp4,9
1765,Walk/Walk_6_45.mp4,9
1766,Walk/Walk_6_6.mp4,9
1767,Walk/Walk_6_7.mp4,9
1768,Walk/Walk_6_9.mp4,9
1769,Walk/Walk_7_1.mp4,9
1770,Walk/Walk_7_10.mp4,9
1771,Walk/Walk_7_11.mp4,9
1772,Walk/Walk_7_13.mp4,9
1773,Walk/Walk_7_14.mp4,9
1774,Walk/Walk_7_15.mp4,9
1775,Walk/Walk_7_17.mp4,9
1776,Walk/Walk_7_18.mp4,9
1777,Walk/Walk_7_19.mp4,9
1778,Walk/Walk_7_2.mp4,9
1779,Walk/Walk_7_20.mp4,9
1780,Walk/Walk_7_22.mp4,9
1781,Walk/Walk_7_24.mp4,9
1782,Walk/Walk_7_25.mp4,9
1783,Walk/Walk_7_26.mp4,9
1784,Walk/Walk_7_27.mp4,9
1785,Walk/Walk_7_28.mp4,9
1786,Walk/Walk_7_29.mp4,9
1787,Walk/Walk_7_3.mp4,9
1788,Walk/Walk_7_30.mp4,9
1789,Walk/Walk_7_31.mp4,9
1790,Walk/Walk_7_32.mp4,9
1791,Walk/Walk_7_4.mp4,9
1792,Walk/Walk_7_5.mp4,9
1793,Walk/Walk_7_6.mp4,9
1794,Walk/Walk_7_7.mp4,9
1795,Walk/Walk_7_8.mp4,9
1796,Walk/Walk_7_9.mp4,9
1797,Walk/Walk_8_1.mp4,9
1798,Walk/Walk_8_10.mp4,9
1799,Walk/Walk_8_11.mp4,9
1800,Walk/Walk_8_12.mp4,9
1801,Walk/Walk_8_13.mp4,9
1802,Walk/Walk_8_14.mp4,9
1803,Walk/Walk_8_15.mp4,9
1804,Walk/Walk_8_16.mp4,9
1805,Walk/Walk_8_17.mp4,9
1806,Walk/Walk_8_18.mp4,9
1807,Walk/Walk_8_19.mp4,9
1808,Walk/Walk_8_2.mp4,9
1809,Walk/Walk_8_20.mp4,9
1810,Walk/Walk_8_21.mp4,9
1811,Walk/Walk_8_22.mp4,9
1812,Walk/Walk_8_23.mp4,9
1813,Walk/Walk_8_24.mp4,9
1814,Walk/Walk_8_25.mp4,9
1815,Walk/Walk_8_26.mp4,9
1816,Walk/Walk_8_3.mp4,9
1817,Walk/Walk_8_4.mp4,9
1818,Walk/Walk_8_5.mp4,9
1819,Walk/Walk_8_6.mp4,9
1820,Walk/Walk_8_7.mp4,9
1821,Walk/Walk_8_8.mp4,9
1822,Walk/Walk_8_9.mp4,9
1823,Walk/Walk_9_1.mp4,9
1824,Walk/Walk_9_10.mp4,9
1825,Walk/Walk_9_11.mp4,9
1826,Walk/Walk_9_12.mp4,9
1827,Walk/Walk_9_13.mp4,9
1828,Walk/Walk_9_14.mp4,9
1829,Walk/Walk_9_2.mp4,9
1830,Walk/Walk_9_3.mp4,9
1831,Walk/Walk_9_4.mp4,9
1832,Walk/Walk_9_5.mp4,9
1833,Walk/Walk_9_6.mp4,9
1834,Walk/Walk_9_7.mp4,9
1835,Walk/Walk_9_8.mp4,9
1836,Walk/Walk_9_9.mp4,9
